State of legal residence (student) 2003-04,Alabama,Alaska,Arizona,Arkansas,California,Colorado,Connecticut,Delaware,District of Columbia,Florida,Georgia,Hawaii,Idaho,Illinois,Indiana,Iowa,Kansas,Kentucky,Louisiana,Maine,Maryland,Massachusetts,Michigan,Minnesota,Mississippi,Missouri,Montana,Nebraska,Nevada,New Hampshire,New Jersey,New Mexico,New York,North Carolina,North Dakota,Ohio,Oklahoma,Oregon,Pennsylvania,Rhode Island,South Carolina,South Dakota,Tennessee,Texas,Utah,Vermont,Virginia,Washington,West Virginia,Wisconsin,Wyoming,Puerto Rico,Overseas territories and military,Foreign countries
    Total,1.4562,0.2191,2.0038,0.2881,11.4587,0.851,1.1278,0.2141,0.1652,6.4691,3.1057,0.2606,0.6501,4.2645,2.3547,0.9835,1.908,1.3207,0.9083,0.1666,1.5329,2.2986,2.9616,1.6654,1.205,1.5266,0.5864,0.4808,0.328,0.1982,2.7,0.7543,5.5705,1.7524,0.2336,3.9722,1.5407,1.2025,4.1683,0.5911,0.7961,0.1499,2.3296,8.2688,1.1958,0.1153,1.9605,2.4107,0.9605,3.3888,0.223,1.2307,0.0624,1.4628
,,,,,,,,,,,,,,,,,,,,,,,,,,,,,,,,,,,,,,,,,,,,,,,,,,,,,,
Institution state 2003-04,,,,,,,,,,,,,,,,,,,,,,,,,,,,,,,,,,,,,,,,,,,,,,,,,,,,,,
  Alabama,90.4085,0,0,0.3368,0.3156,0,0,0,0,2.7583,2.1135,0,0,0,0.4794,0,0,0,0,0,0,0.4721,0,0,0,0,0,0,0,0,0,0,0,0,0,0.3345,0,0,0,0,0.9461,0,0,0,0,0,0,0,0,0,0,0,0,1.8353
  Alaska,NA,NA,NA,NA,NA,NA,NA,NA,NA,NA,NA,NA,NA,NA,NA,NA,NA,NA,NA,NA,NA,NA,NA,NA,NA,NA,NA,NA,NA,NA,NA,NA,NA,NA,NA,NA,NA,NA,NA,NA,NA,NA,NA,NA,NA,NA,NA,NA,NA,NA,NA,NA,NA,NA
  Arizona,0.1279,0,87.2878,0,4.408,0,0,0,0,0,0,0.2859,0.2578,0.5044,0.2907,0,0.2705,0,0,0,0.2472,0.4621,0.4283,0.2561,0,0,0,0.1484,0.4224,0,0,1.3789,0,0,0,0.2008,0.0446,0,0.1493,0,0,0.1121,0,0.981,0.1745,0,0,0.7815,0.4015,0.1131,0,0,0,0.2654
  Arkansas,0,0,0.4752,86.3579,0,0,0,0.5014,0,0,0,0,0,0.6598,0,0,0,0,1.311,0,0,0,0,0,0,2.622,0,0,0,0,0,0,0,0,0,0,1.1838,0,0,0,0,0,0,6.889,0,0,0,0,0,0,0,0,0,0
  California,0.0789,0.0641,0.0542,0,95.8727,0.1989,0,0,0,0.1439,0,0.1793,0.0728,0.0563,0,0.0231,0.0214,0,0,0.0306,0,0.0612,0.034,0.0306,0,0.0874,0,0,0.0264,0.0226,0.0325,0.055,0.064,0,0.0338,0.035,0.0899,0.253,0.0156,0,0,0,0.0524,0.1891,0.0064,0,0.0061,0.4093,0,0,0,0,0.1522,1.5472
  Colorado,0,0,0.3384,0,1.1509,78.6301,0,0,0,0.9593,0,0,0,2.1743,0,0,0.3578,0,0,0,0,2.1694,0.8007,0.6635,0,1.9719,0.8843,0.8606,0,0.8573,0,0.8007,0.8606,1.1575,0,0,0.6812,0.0826,0,0,0,0.0982,0,1.9939,0.0438,0,0.7287,0,0,1.7343,0,0,0,0
  Connecticut,0,0.3582,0,0,0.8815,0,75.6278,0,0,1.1704,0.0398,0,0,0.4531,0.528,0,0,0,0,0.0943,0,5.6653,0,0,0,0,0,0,0.4014,1.2162,2.4527,0.4014,5.2969,0,0,0.3662,0,0,1.4074,0.0914,0,0,0,1.0652,0,0.3755,0,0,0,0,0,0.2186,0,1.8887
  Delaware,0,0,0,0,0,0,3.9267,61.9752,0,0.0178,0.1463,0,0,0,0,0,0,0,0,0,12.5931,0,0,0,0,0,0,0,0,0,11.5358,0,2.4727,0,0,0,0,0,4.2555,0,0,0,0,0,0,0,0.1463,0,0,0,0,0,0,2.9305
  District of Columbia,0,0,0,0,1.1013,0,1.1013,0,43.1848,1.1104,0,2.1776,0,2.2208,0,0,1.649,0,0,0,19.144,3.8503,1.1104,0,0,0,0,0,0,0,3.4464,0,7.7455,1.4517,0,0,0,0,1.4517,0,0,0,0,1.1104,0,0,2.3668,0,0,0,0,0,0,5.7776
  Florida,0.1742,0,0.0595,0.1245,0.2956,0.013,0.2755,0,0,88.2113,1.1715,0,0.1331,0.1787,0.1553,0.0587,0,0,0,0,1.0968,0.224,0.8248,0,0.0681,0.1448,0,0,0,0.2798,0.214,0.0333,0.4192,0.2576,0.153,0.3466,0,0.0475,0.3196,0,0.1111,0,0.0608,0.891,0,0.0893,1.6126,0.267,0.0671,0.2123,0,0.0507,0.1477,1.2107
  Georgia,0.9401,0.2274,0,0,0.2498,0,0,0.1761,0,1.0334,91.0074,0,0,0.2617,0.2116,0,0,0.1768,0,0.0372,0.3572,0.3514,0.1744,0.1591,0.0435,0,0,0,0,0,0.0323,0,0.5821,0.7477,0,0.3596,0,0,0,0,0.0558,0,0.8828,0.3253,0,0,0.1755,0,0,0.2999,0,0,0.0638,1.0678
  Hawaii,0,0,2.385,0,9.8964,0,0,0,0,0,0,79.6615,0,0,0,0,0,0,0,0,0,0,0,2.2805,0,0,0,0,0,0,0,0,0,0,0,0,0,0.7142,0,0,0,0,0,0,0,0,0,4.8493,0,0,0,0,0.2132,0
  Idaho,0,0,1.2765,0.1019,4.2352,0,0,0,0,0,0,0,79.0201,0,0,0,0,0.5954,0,0,0,0,0.5949,0,0,0,0,0,2.6043,0,0,0.4969,0,0.1905,0,0,0,3.6592,0,0,0,0,0,0.4969,1.8133,0,0.4438,2.5786,0,0.2715,0,0,0,1.6212
  Illinois,0,0.0567,0,0,0.1807,0.1002,0,0,0,0.365,0.0542,0,0,91.6503,0.8175,0.8387,0,0.1018,0,0,0.064,0.162,0.7128,0.2073,0.0707,0.956,0,0,0,0,0.4882,0.0369,0.1585,0,0,0.2269,0,0.1199,0.162,0,0,0,0.3086,0.3351,0,0,0.0707,0,0,1.1523,0,0,0,0.6032
  Indiana,0.6759,0,0.2509,0,0.7173,0.1695,0,0,0.1235,0.5479,0.1026,0,0,3.7835,83.7579,0.2489,0.1788,0.568,0.1058,0,0.5301,0,0.5513,0.4583,0,0.217,0,0.2755,0,0,0,0,0.4187,0,0,2.9498,0,0.1017,0.2116,0,0,0.1154,0.2776,0.612,0,0,0.4455,0.1058,0,0.9306,0,0,0,0.5687
  Iowa,0,0,0.2571,0,0,0,0,0,0,0.4966,0,0,0,6.6154,0.1742,82.5279,1.1691,0,0,0,0,0,0.2526,2.0034,0,0.709,0,0.7089,0,0,0,0,0,0,0,0.3389,0,0,0.5509,0,0,0,0,0,0,0,0,0,0,1.9317,0,0,0,2.2644
  Kansas,0,0,0.3014,0.258,0.4125,0.2194,0,0,0,0,0,0,0,0.555,0,0.5958,89.5147,0,0,0,0,0,0,0,0,1.0315,0,0,0,0,0,0,0,0.0976,0,0,3.1417,0,0,0,0,0,0,1.3717,0,0,0.2823,0,0,0,0.1239,0,0,2.0944
  Kentucky,0.2749,0,0,0,0,0,0,0,0,0.3913,0,0,0,0.2706,0.2782,0,0,92.0486,0,0,0.443,0,0,0,0,0.3096,0,0,0,0,0,0,0,0,0,4.0307,0,0,0.1593,0,0,0,0.7776,0,0,0,0.3626,0,0,0,0,0,0,0.6536
  Louisiana,1.0121,0,0,0,0,1.3147,0,0,0,1.6846,1.211,0,0,0.5843,0.6591,0,0,0,79.1759,0.6093,0,0,0,0,0,0,0.6078,0,0,0,0.3519,1.1271,0.3423,0,0,0.8713,0.2422,0,0.5397,0,0,0,0.54,7.9157,0,0,0.5518,0,0,0.6591,0,0,0,0
  Maine,0,0,0,0,3.2678,1.6572,6.3187,0,0,1.6572,0,0,0,1.6572,0,0,0,0,0,45.9478,0,17.8218,0,0,0,1.6572,0,0,0,3.3144,0,0,4.6136,0,0,0,0,0,3.3144,0,0,0,1.8713,0,0,0,1.6572,1.8377,0,0,0,0,0,3.4067
  Maryland,0,0,0,0,0.4741,0,0,0.5148,0.85,0.1598,0,0,0,0,0,0,0.4082,0,0,0,79.8194,0.7949,0,0.6101,0,0.4893,0,0,0,0,2.1931,0,2.8608,0.6312,0,1.5913,0,0,2.5271,0,0.4023,0,0,0,0,0,2.5436,0,0,0,0,0,0,3.1301
  Massachusetts,0,0.1604,0,0,1.1391,0.3967,3.9937,0,0.3208,0.7153,0,0.1592,0.3123,0.4775,0.2339,0.0499,0.0965,0,0,1.0163,0.2751,73.2456,0.5694,0.317,0,0,0,0,0,2.2667,2.2942,0,4.8281,0.1159,0,0.0499,0,0,0.5047,0.845,0,0,0.1698,0.3102,0.0499,0.5325,0.2435,0.4068,0,0,0,0.0499,0,3.8543
  Michigan,0,0,0,0,0.1039,0,0,0,0,0.0648,0,0,0,0.2947,0.3011,0,0,0,0,0,0,0.1998,95.2649,0,0.1529,0,0,0,0,0,0,0,0.0869,0,0,1.3512,0,0.1039,0,0,0,0,0,0,0,0,0,0.5277,0,0,0,0,0,1.5482
  Minnesota,0,0,0,0,0,0,0,0,0.2202,0.0976,0,0,0,2.7677,0,0.6623,1.6676,0,0,0,0,0,0.2125,82.3091,0,0,0.192,0,0.2576,0,0,0,0.1718,0,2.4546,0,0,0,0.232,0,0,0.8284,0.171,0,0.0826,0,0,0,0,7.0684,0,0,0,0.6046
  Mississippi,1.5273,0,0,0,0,0,0,0,0,0.2364,0,0,0,0.3378,0,0,0,0,2.8124,0,0,0,0,0,91.351,0.2322,0,0,0,0,0,0,0,0.6301,0,0,0,0,0,0,0.4644,0,2.0693,0,0,0,0,0,0,0,0,0,0,0.3391
  Missouri,0,0,0,0,0.1968,0.6962,0.2138,0,0,0,0.3475,0,0,3.3447,0.6149,0.5403,4.5391,0,0,0,0.3359,0,0.2433,0.2288,0.3202,84.3215,0,0.1296,0,0,0,0,0.1069,0,0,0.1761,0.7753,0,0,0,0,0,0.5773,0.3978,0.1373,0,1.138,0,0,0.3998,0,0,0,0.2191
  Montana,0,0,0,0,0,0,0,0,0,0,0,0,2.2682,1.0663,0,0,0,0,0,0,0,0,0,1.4258,0,0,84.5096,0,1.1549,0,0,0,0,0,1.5595,0,0,0,0,0,0,1.0709,0,0,1.6888,0,0,2.3994,0,0,2.8565,0,0,0
  Nebraska,0,0,0,0.1591,0,1.3927,0,0,0,0,0,0,0,1.0379,0,1.6085,0.6306,0,0,0,0,0,0.2653,2.0811,0,0,0,88.8169,0,0,0,0,0.1499,0,0,0,1.0156,0,0,0,0,0.2715,0,0,0,0,0.1039,0,0,0,0,0,0,2.4671
  Nevada,0,2.1528,0,0,12.3755,0,0,0,0,0,0,0,0,0,0,0,0,0,0,0,0,0,0,0,0,0,0,0,81.5616,0,0,0,0,0,0,0,0,0,0,0,0,0,0,1.7916,0.4767,0,0,0,0,0,0,0,0,1.6418
  New Hampshire,NA,NA,NA,NA,NA,NA,NA,NA,NA,NA,NA,NA,NA,NA,NA,NA,NA,NA,NA,NA,NA,NA,NA,NA,NA,NA,NA,NA,NA,NA,NA,NA,NA,NA,NA,NA,NA,NA,NA,NA,NA,NA,NA,NA,NA,NA,NA,NA,NA,NA,NA,NA,NA,NA
  New Jersey,0,0,0,0,0,0,0.1739,0,0,0,0.3209,0,0,0,0,0,0,0,0,0,0.0897,0,0.1739,0,0,0.2258,0,0,0,0,95.4666,0.1878,1.122,0,0,0,0,0,0.8033,0,0.1739,0,0,0,0,0,0.3477,0,0,0,0,0,0,0.9146
  New Mexico,0,0,0,0,0,0,0,0,0,0,0,0,0,0,0,0,0,0,0,0,0,0,0,0,0,0,0,0,0,0,0,93.9258,0.4436,0,0,0,0,0,0,0,0,0,0,5.4295,0,0,0,0.201,0,0,0,0,0,0
  New York,0,0.12,0,0,0.2329,0.1333,0.5425,0,0,0.9924,0,0,0.0722,0.3927,0.02,0,0,0,0.0801,0.1003,0.6974,0.9718,0.1746,0.1823,0,0.1025,0,0.0371,0,0.4004,2.2055,0,87.2344,0.1116,0,0.2227,0.0478,0,1.1033,0.0493,0,0,0.0067,0.1969,0,0.1676,0.3286,0.0537,0.2423,0,0,0,0.1385,2.6388
  North Carolina,0.2807,0,0,0,0.5401,0.2524,0,0.6622,0,0.9099,1.0226,0,0,0.1743,0,0,0.2551,0,0,0.2545,0.3887,0,0,0,0,0.0535,0,0,0,0.1952,0.4331,0,0.2023,87.8879,0,0.2885,0,0,0.2376,0,1.1647,0,0.8475,0.7593,0,0,1.7453,0,0,0,0,0,0.1963,1.2482
  North Dakota,0,2.5514,1.387,0,0.923,0.822,0,0,0,0,0,0,0,0,0,0,0,0,1.1299,0,0,0,0,26.7459,0,0,3.402,0,0,0,0,0,0,0,47.1949,0,0,0,0,0,0,3.5131,0,0,0,0,0,5.2597,0,3.4792,2.9412,0,0,0.6505
  Ohio,0,0,0,0,0.183,0,0.0364,0,0,0.2361,0,0,0,0.2587,2.0839,0.1562,0.2108,0.0754,0,0,0.3167,0,0.351,0,0,0,0,0,0,0,0,0,0.0775,0,0,94.466,0.4327,0,0.4503,0,0,0,0.1732,0.086,0,0,0.201,0,0.0168,0.069,0,0,0,0.1193
  Oklahoma,0,0,0,0.4479,0.4988,0.4999,0,0,0,0,0,0,0,0,0,0,0,0,0,0,0,0,0,0,0,0.1142,0,0,0,0,0,0,0,0,0,0,89.7867,0,0,0,0,0,0,3.3962,0,0,0,0,0,0,0,0,0,5.2564
  Oregon,0,0.5276,2.0238,0,5.4234,0.259,0,0,0,0.1119,0,0.9709,0.8151,0.571,0,0,0,0,0,0,0,0,0,0.2738,0,0.1363,0.2778,0,0,0,0,0.5346,0.0218,0,0,0,0,80.4393,0,0,0,0,0,0.1825,0,0,0.2707,5.5338,0,0,0,0,0,1.6268
  Pennsylvania,0.0397,0,0.0843,0,0.2653,0.0783,0.4914,0.0064,0.0809,0.2124,0,0,0,0.0835,0,0.1087,0.0397,0,0,0,1.937,0.5489,0.13,0.1247,0,0.0356,0.0397,0,0,0,3.6232,0,1.2087,0,0.0198,2.6681,0,0,85.4579,0.0783,0,0.036,0,0.1757,0,0,0.3328,0.1108,0.0803,0,0,0,0,1.9018
  Rhode Island,0,0,0,0,0.5997,0,13.4976,0,0,0,0.5775,0,0,0.6194,0.8117,0,0,0,0,0.9292,0.311,15.3813,0,0,0,0,0,0,0,2.5764,5.9996,0,8.4898,0,0,0.9321,0.3328,0,2.4156,42.2115,0,0.0839,0.5152,0,0,1.1682,1.2419,0,0,0.3486,0,0,0,0.957
  South Carolina,0,0,0,0,0,0,0,0.4952,0,1.6223,2.0224,0,0,0.709,0,0,0,0,0,0,1.2022,0.5504,1.0864,0,0,0,0,0,0,0,0.9044,0,0.6014,3.8901,0,0,0,0,0.2061,0,84.3439,0,0,0,0,0,2.3661,0,0,0,0,0,0,0
  South Dakota,NA,NA,NA,NA,NA,NA,NA,NA,NA,NA,NA,NA,NA,NA,NA,NA,NA,NA,NA,NA,NA,NA,NA,NA,NA,NA,NA,NA,NA,NA,NA,NA,NA,NA,NA,NA,NA,NA,NA,NA,NA,NA,NA,NA,NA,NA,NA,NA,NA,NA,NA,NA,NA,NA
  Tennessee,0.6402,0,0.0867,0.7665,0.0928,0,0,0,0,0.6187,1.4392,0,0,0.7089,0.6699,0,0,0.8139,0.0533,0.0918,0,0.2582,0.3682,0.1401,1.5893,0.5897,0,0,0,0,0.1671,0,0.1376,0.4341,0,0.378,0.1893,0,0.15,0.9982,0.7008,0,85.9009,0.2834,0,0,0.3768,0.0695,0.1782,0.3658,0,0,0,0.7426
  Texas,0,0,0.042,0.119,0.2944,0.1139,0,0,0,0.0997,0.8763,0,0.0657,0.2048,0,0.1111,0.1954,0,0.3636,0,0.0351,0.0388,0,0,0.051,0.0416,0.012,0.011,0.0655,0,0.0647,0.0125,0.045,0.2587,0,0,0.3649,0,0.2794,0,0,0,0.1179,93.0053,0,0,0.2135,0.0793,0,0.051,0,0.1566,0.2504,2.3601
  Utah,0,0,0.4908,0,2.2385,0.8125,0,0,0,0,0,0,2.1453,0.2645,0.1077,0,0,0,0,0,0,0,0.0753,0,0,0.2171,0,0,0.1432,0,0,0.9453,0,0,0,0,0.3999,0.805,0.4784,0,0,0,0,1.807,86.25,0,0,1.1461,0,0.0652,0,0,0,1.6082
  Vermont,0,0,0,0,0,0,10.9432,1.8577,0,0,0,0,0,0,0,0,0,0,0,0,0,11.8327,0,0,0,0,0,0,0,12.4518,8.0078,0,9.0069,1.0307,0,0,0,0,3.9653,0,0,0,0,0,0,40.9039,0,0,0,0,0,0,0,0
  Virginia,0,0,0.1412,0.8732,0,0,0.4469,0,0.3894,0,0,0,0,0.3919,0.4196,0,0,0,0,0.3379,5.0007,0.99,0.3145,0,0,0,0.0048,0,0,0,0.9722,0.3214,1.3704,1.7376,0,0.8559,0,0,0.0491,0,0,0,0,0,0,0,83.8636,0,0.8322,0,0,0,0,0.6875
  Washington,0.3542,0.2588,0.3049,0,1.4652,0.1879,0,0,0,0,0.1484,0.2653,0.7212,0,0,0.1524,0,0.1022,0,0.0198,0,0,0.1402,0.305,0,0,0.7242,0,0.1229,0,0,0.0742,0,0,0,0.1484,0,4.4539,0,0,0,0,0,0,0,0,0,86.8055,0.2406,0,0,0,0,3.0049
  West Virginia,0,0,0,0,0.3421,0.9533,0,0.6802,0,0,0,0,0,0,0,0,0,0,0,0,0,0,0,0,0,0,0,0,0,0,0,1.1378,0,0,0,10.1064,0,0,0,0,0,0,0,0,0,0,1.954,0.6486,83.068,0,0,0,0,1.1095
  Wisconsin,0,0,0,0,0,0,0,0,0,0,0,0,0,1.1485,0.0411,0.1451,0,0,0,0,0,0,0,1.7454,0,0.1075,0,0,0,0,0,0,0,0,0,0,0,0,0.1912,0,0,0,0,0,0,0.0942,0,0,0,96.0198,0,0,0,0.5071
  Wyoming,0,0,0,0,0,4.9122,0,0,0,0,0,0,0,0,0,0,0,0,0,0,0,0,0,0,0,0,0,5.1856,0,0,0,0,0,0,1.5189,1.9705,0,0,0,0,0,4.6127,0,0,0,0,0,0,0,0,81.8002,0,0,0
  Puerto Rico,0,0,0,0,0,0,0,0,0,0,0,0,0,0,0,0,0,0,0,0,1.562,0,0,0,0,0,0,0,0,0,0,0,0,0,0,0,0,0,0,0,0,0,0,0,0,0,0,0,0,0,0,98.438,0,0
 ,,,,,,,,,,,,,,,,,,,,,,,,,,,,,,,,,,,,,,,,,,,,,,,,,,,,,,
Distance from first institution 2003-04,,,,,,,,,,,,,,,,,,,,,,,,,,,,,,,,,,,,,,,,,,,,,,,,,,,,,,
  0 < X < 5,1.4791,0.2835,2.916,0.2528,12.7325,0.7567,1.2552,0.1329,0.2167,6.8885,2.5303,0.2544,0.7952,3.4609,1.9863,0.7192,2.1554,0.7908,1.064,0.039,1.3886,2.1122,4.2423,1.4304,0.6639,1.2626,0.8193,0.3473,0.4994,0.0873,2.6826,0.7224,5.4716,0.9213,0.1343,4.3301,1.3646,1.6322,3.8867,0.597,0.4689,0.0526,1.3598,9.4113,1.9159,0,1.1492,2.3064,1.3166,2.8005,0.5273,1.3101,0.106,1.9704
  6 < X < 10,1.1599,0,2.75,0.0549,13.8582,0.6704,0.8536,0.2888,0.1065,8.3856,2.9305,0.0216,0.6721,6.34,1.7333,0.0114,2.2254,1.7754,0.7022,0,1.4845,0.9259,2.4823,1.197,1.1324,1.4847,0.0776,0.4717,0.4623,0,2.9027,1.0611,5.2372,0.7569,0.2363,3.1211,1.6594,0.7988,4.9942,0.4405,0.2951,0,4.5007,9.2943,0.8475,0,0.3933,2.8962,0.6109,2.2264,0,1.5976,0,1.8713
  11 < X < 20,0.9209,0.0689,1.5215,0.0977,12.7076,0.5716,0.6808,0.2629,0.0695,8.9423,3.2703,0.2844,0.4541,4.0007,1.9034,0.3148,1.5047,0.7466,0.7165,0.003,1.4048,1.4528,2.5304,1.6595,1.3946,1.219,0.0636,0.2443,0.2619,0.1764,3.1261,1.1462,5.2198,0.7697,0.0924,4.8902,1.9908,1.5575,5.3348,0.4384,0.9216,0.0753,2.5089,8.6371,1.7276,0,1.6995,2.8496,1.9629,3.2838,0,1.2177,0.0188,1.0819
  21 < X < 50,1.4681,0.1601,1.78,0.1974,10.7154,0.8524,1.0097,0.1235,0.182,6.0749,3.3617,0.3835,0.4115,3.9402,3.087,1.0559,1.7034,1.7856,0.6991,0.1055,1.5938,2.5739,3.2255,1.4114,2.2594,2.5575,0.5445,0.2889,0.0582,0.113,3.2064,0.4109,5.394,1.4163,0.1339,3.9347,1.533,0.9172,5.5923,0.5035,0.6956,0.1002,3.4811,8.0209,1.178,0.0298,1.6085,1.5718,1.2193,3.1591,0.0724,1.5992,0,0.4987
  51 < X < 100,1.8118,0,0.2906,0.408,9.0887,1.2282,1.3361,0.3843,0,2.9333,3.259,0.1372,0.8379,3.7725,3.819,2.3949,1.5774,1.8159,1.3649,0.2709,2.6312,3.0112,1.9446,2.2717,2.0751,1.5313,0.628,0.8573,0.1043,0.4924,2.5564,0.2766,4.9113,4.0974,0.3476,3.7077,2.8781,0.6482,3.5308,0.4938,1.5999,0.3133,1.9496,6.9674,0.6985,0.0963,4.2292,1.6114,0.341,4.4444,0.2602,1.5259,0,0.2374
  101 < X < 200,1.6752,0.1896,0.9744,0.6354,4.0717,0.8596,1.4589,0.2531,0.098,2.7464,2.2856,0,0.2884,8.1663,4.3286,1.6401,2.0703,1.5054,1.054,0.8145,1.311,2.003,2.7586,2.6066,1.3016,2.87,1.4659,1.1577,0,0.6279,2.0571,0.0646,5.8181,6.4446,0.4509,5.1777,1.9395,0.9207,4.071,0.3147,1.4647,0.5321,1.1955,6.0359,0.1236,0.2064,4.6443,0.8211,0.3387,5.47,0,0.161,0,0.5299
  201 < X < 300,2.036,0.7346,0.6716,0.6481,2.9492,0,1.05,0.0077,0.4293,6.6242,5.9774,0.23,2.0716,4.5067,1.7441,1.7806,1.2352,1.1583,2.813,0.6002,1.7044,1.7942,1.5882,3.4195,0.615,0.5058,0.7797,1.4887,0.662,0.8527,3.1928,0.5401,6.4987,5.9394,1.3272,3.3919,0.563,2.2426,2.2439,0.6358,0.3617,0.3222,1.4263,9.0731,0.487,1.0692,3.436,2.6979,0,3.4855,0.1761,0.212,0,0
  301 < X < 400,0,0,0,0.6232,11.8999,1.1437,1.5457,1.1334,0.3732,7.9658,1.9375,0,2.9279,6.9641,1.1778,0.9622,3.7641,1.2493,0,0.3819,1.7339,2.246,0,2.9291,0.4102,0.8606,0.7846,0.5846,0.474,0.2807,2.3178,1.9568,3.7361,3.1501,1.0173,0.8442,0.7792,1.0791,3.0478,5.8603,0.8595,0.2543,2.4466,6.6426,1.0217,0.3936,1.5492,3.1399,0,2.8512,1.4089,0,0,1.2907
  401 < X < 500,2.3599,0,0,0,12.0029,0.9344,6.1928,2.0383,0,2.629,2.1045,0,1.432,3.2065,0.7249,1.0491,0,0,3.3039,0.7956,1.2991,0,1.9716,3.0233,0,7.4276,0,1.6318,0.5314,0,1.916,0.9088,11.1905,1.1352,3.8386,3.6583,0,0,3.4423,0,0,0,2.4362,5.067,0,0,9.3272,0,0,0.6709,0,0,0,1.7505
  501 < X < 600,0,0,0,0,5.4836,0.4297,2.3961,0,3.4629,0.1775,7.8786,0,0,0.6647,0,2.7924,2.3433,0,2.7078,0,3.1523,0,1.7005,0,0,0,4.3056,0,0,0,6.3132,0,0,5.6863,0,4.3248,0,0,1.3376,0,0,2.4754,1.7161,22.7012,0,0,0,4.1192,6.8355,4.0571,2.9386,0,0,0
  601 < X < 700,0,0,0,0,4.4654,0,6.5669,0,0,7.8662,5.9959,0,1.2743,3.1884,3.5018,0,13.2047,0,0,0,3.8938,0,0,1.7394,2.4348,0,0,0,0,0,0,1.9366,2.912,0,0,0,0,0,9.4406,0,2.9867,1.3941,1.9156,9.2073,0,3.8172,6.4619,0.4571,0,2.1761,0,0,0,3.1632
  701 < X < 800,0,0,0,0,5.2958,1.8889,0,0,0,14.0926,0,0,0,6.9656,0.9054,0,3.7029,0,0,0,7.9885,4.3983,9.0144,2.5189,0,0,1.7364,1.3042,0,0,0,0,6.9409,2.0423,0,6.0049,0,0,4.754,4.4101,0,0,0,0,0,0,4.9786,1.2691,0,9.7882,0,0,0,0
  801 < X < 900,NA,NA,NA,NA,NA,NA,NA,NA,NA,NA,NA,NA,NA,NA,NA,NA,NA,NA,NA,NA,NA,NA,NA,NA,NA,NA,NA,NA,NA,NA,NA,NA,NA,NA,NA,NA,NA,NA,NA,NA,NA,NA,NA,NA,NA,NA,NA,NA,NA,NA,NA,NA,NA,NA
  901 < X < 1000,NA,NA,NA,NA,NA,NA,NA,NA,NA,NA,NA,NA,NA,NA,NA,NA,NA,NA,NA,NA,NA,NA,NA,NA,NA,NA,NA,NA,NA,NA,NA,NA,NA,NA,NA,NA,NA,NA,NA,NA,NA,NA,NA,NA,NA,NA,NA,NA,NA,NA,NA,NA,NA,NA
  1001 < X < 2000,0.2805,0.3308,1.3167,0,5.2322,3.7312,1.0112,0.127,0.3733,6.0971,0.986,0.6569,0,5.2231,1.399,2.6609,0.8904,0.9004,0.8599,0.3519,4.6003,2.2884,3.7199,4.1426,0,1.4755,1.2065,0.7706,0.993,0.48,2.0032,3.1929,5.4605,0.9643,0.0907,0.9637,1.584,1.2748,4.1502,0,0,0.1086,1.9697,11.5329,0.504,0.9377,1.6042,2.7783,0,3.3059,0.6484,1.2309,0.3556,3.2343
  X > 2001,0,3.7108,1.1378,0.9192,18.4521,0.6299,1.1774,0.0167,0,3.4889,0,3.7243,2.6728,0.9846,0.2135,0.2422,0,0.6051,0,0.3214,0.9398,2.7649,1.4096,1.6273,0,0.48,0.0083,0,1.5755,0.2375,3.5054,0.3517,1.6586,1.1438,0.5166,1.8009,0.3919,1.0906,0.4047,0,0.7076,0.1499,0.7695,3.9564,0.822,0,3.0439,4.0059,0,1.1247,0,1.208,0.4,25.6084
 ,,,,,,,,,,,,,,,,,,,,,,,,,,,,,,,,,,,,,,,,,,,,,,,,,,,,,,
 ,,,,,,,,,,,,,,,,,,,,,,,,,,,,,,,,,,,,,,,,,,,,,,,,,,,,,,
Standard Error (BRR),,,,,,,,,,,,,,,,,,,,,,,,,,,,,,,,,,,,,,,,,,,,,,,,,,,,,,
    Total,0.5425,0.0824,0.8683,0.0664,0.7911,0.2806,0.0763,0.0327,0.0575,1.2769,0.1744,0.1653,0.3046,0.3489,0.2119,0.47,0.675,0.4837,0.2424,0.0258,0.3769,0.4715,0.5874,0.1077,0.5783,0.7326,0.2684,0.0473,0.1228,0.0514,0.5297,0.3669,0.3141,0.4117,0.0698,0.8465,0.5792,0.1426,1.7309,0.2977,0.3198,0.0252,0.5438,0.4452,0.4892,0.028,0.4012,0.5955,0.5224,0.9484,0.1311,0.2139,0.0299,0.1372
 ,,,,,,,,,,,,,,,,,,,,,,,,,,,,,,,,,,,,,,,,,,,,,,,,,,,,,,
 ,,,,,,,,,,,,,,,,,,,,,,,,,,,,,,,,,,,,,,,,,,,,,,,,,,,,,,
Institution state 2003-04,,,,,,,,,,,,,,,,,,,,,,,,,,,,,,,,,,,,,,,,,,,,,,,,,,,,,,
  Alabama,4.2415,0,0,0.4553,0.428,0,0,0,0,2.6112,1.357,0,0,0,0.7254,0,0,0,0,0,0,0.6456,0,0,0,0,0,0,0,0,0,0,0,0,0,0.4724,0,0,0,0,0.8081,0,0,0,0,0,0,0,0,0,0,0,0,1.7202
  Alaska,NA,NA,NA,NA,NA,NA,NA,NA,NA,NA,NA,NA,NA,NA,NA,NA,NA,NA,NA,NA,NA,NA,NA,NA,NA,NA,NA,NA,NA,NA,NA,NA,NA,NA,NA,NA,NA,NA,NA,NA,NA,NA,NA,NA,NA,NA,NA,NA,NA,NA,NA,NA,NA,NA
  Arizona,0.1215,0,7.5518,0,3.3633,0,0,0,0,0,0,0.3906,0.2735,0.5528,0.5161,0,0.4165,0,0,0,0.2668,0.3352,0.5204,0.1841,0,0,0,0.2602,0.4408,0,0,2.0366,0,0,0,0.2768,0.0374,0,0.1239,0,0,0.0855,0,0.8993,0.3097,0,0,0.9691,0.5536,0.0828,0,0,0,0.1832
  Arkansas,0,0,0.4448,9.9369,0,0,0,0.4873,0,0,0,0,0,0.9253,0,0,0,0,1.2205,0,0,0,0,0,0,2.328,0,0,0,0,0,0,0,0,0,0,1.4771,0,0,0,0,0,0,6.225,0,0,0,0,0,0,0,0,0,0
  California,0.0897,0.0444,0.0375,0,0.6835,0.1118,0,0,0,0.1224,0,0.0791,0.0651,0.0748,0,0.0284,0.0218,0,0,0.0314,0,0.006,0.0315,0.0324,0,0.0668,0,0,0.0321,0.0273,0.0331,0.0415,0.0461,0,0.0341,0.0492,0.0643,0.1602,0.0169,0,0,0,0.0385,0.0846,0.0212,0,0.0196,0.2378,0,0,0,0,0.1246,0.4523
  Colorado,0,0,0.3866,0,1.5112,6.4797,0,0,0,0.9853,0,0,0,1.537,0,0,0.4297,0,0,0,0,0.9816,0.8655,0.7934,0,1.7476,1.1557,0.9256,0,0.9927,0,1.05,0.9256,0.9403,0,0,0.7699,0.0964,0,0,0,0.1144,0,0.7385,0.0522,0,0.8664,0,0,1.6424,0,0,0,0
  Connecticut,0,0.371,0,0,0.6335,0,1.9943,0,0,0.813,0.0406,0,0,0.4215,0.4218,0,0,0,0,0.0743,0,1.4985,0,0,0,0,0,0,0.4113,0.6775,0.95,0.422,1.5921,0,0,0.3759,0,0,0.7765,0.0996,0,0,0,0.6221,0,0.396,0,0,0,0,0,0.2317,0,0.7469
  Delaware,0,0,0,0,0,0,3.5779,5.9561,0,0.0203,0.1437,0,0,0,0,0,0,0,0,0,10.7765,0,0,0,0,0,0,0,0,0,6.3552,0,2.1245,0,0,0,0,0,3.4818,0,0,0,0,0,0,0,0.1437,0,0,0,0,0,0,2.3154
  District of Columbia,0,0,0,0,1.4188,0,1.4961,0,9.1872,1.4151,0,1.111,0,2.9724,0,0,2.1157,0,0,0,5.6532,2.3585,1.4862,0,0,0,0,0,0,0,3.5387,0,4.2375,2.0576,0,0,0,0,2.0576,0,0,0,0,1.4151,0,0,1.7075,0,0,0,0,0,0,2.6531
  Florida,0.1229,0,0.0718,0.1379,0.128,0.0122,0.159,0,0,2.9825,0.6472,0,0.1592,0.0951,0.1279,0.0673,0,0,0,0,0.5338,0.1841,0.5259,0,0.0997,0.0901,0,0,0,0.2779,0.1472,0.018,0.1832,0.1448,0.1449,0.2582,0,0.0513,0.3611,0,0.0734,0,0.0524,0.4051,0,0.0984,0.9474,0.2362,0.0758,0.1421,0,0.0428,0.1135,0.4132
  Georgia,0.4328,0.243,0,0,0.0333,0,0,0.189,0,0.5278,1.2083,0,0,0.2503,0.1338,0,0,0.1287,0,0.0372,0.1858,0.3454,0.1744,0.1609,0.0467,0,0,0,0,0,0.0334,0,0.298,0.3515,0,0.2474,0,0,0,0,0.0591,0,0.373,0.2048,0,0,0.1779,0,0,0.2312,0,0,0.0644,0.625
  Hawaii,0,0,7.592,0,6.3534,0,0,0,0,0,0,11.7719,0,0,0,0,0,0,0,0,0,0,0,1.9384,0,0,0,0,0,0,0,0,0,0,0,0,0,1.4129,0,0,0,0,0,0,0,0,0,4.0421,0,0,0,0,0.5973,0
  Idaho,0,0,0.9911,0.1785,3.5039,0,0,0,0,0,0,0,9.8573,0,0,0,0,1.0569,0,0,0,0,1.0533,0,0,0,0,0,3.2511,0,0,0.8516,0,0.3376,0,0,0,1.3681,0,0,0,0,0,0.8286,1.729,0,0.344,2.268,0,0.5485,0,0,0,2.898
  Illinois,0,0.0573,0,0,0.1141,0.1025,0,0,0,0.3098,0.0571,0,0,1.6271,0.433,0.4416,0,0.1433,0,0,0.0708,0.0838,0.2639,0.135,0.0891,0.5543,0,0,0,0,0.2758,0.037,0.1212,0,0,0.1397,0,0.1362,0.0908,0,0,0,0.2102,0.3009,0,0,0.0778,0,0,0.4584,0,0,0,0.301
  Indiana,0.5181,0,0.3046,0,0.3944,0.1331,0,0,0.2349,0.3586,0.1089,0,0,0.9996,1.9444,0.2009,0.1372,0.3794,0.1107,0,0.3572,0,0.4401,0.4145,0,0.1487,0,0.2785,0,0,0,0,0.3488,0,0,1.022,0,0.1063,0.2171,0,0,0.1199,0.2806,0.3401,0,0,0.3541,0.1119,0,0.4779,0,0,0,0.3024
  Iowa,0,0,0.4822,0,0,0,0,0,0,0.3362,0,0,0,7.852,0.1178,8.2982,1.0374,0,0,0,0,0,0.1732,2.0001,0,1.4306,0,0.4742,0,0,0,0,0,0,0,0.6828,0,0,1.105,0,0,0,0,0,0,0,0,0,0,0.8147,0,0,0,1.0825
  Kansas,0,0,0.4819,0.3331,0.4415,0.3341,0,0,0,0,0,0,0,0.6356,0,0.5592,4.6354,0,0,0,0,0,0,0,0,0.6176,0,0,0,0,0,0,0,0.1379,0,0,1.4159,0,0,0,0,0,0,1.0319,0,0,0.2737,0,0,0,0.1615,0,0,1.8106
  Kentucky,0.3019,0,0,0,0,0,0,0,0,0.3656,0,0,0,0.3635,0.1954,0,0,3.1576,0,0,0.4933,0,0,0,0,0.4041,0,0,0,0,0,0,0,0,0,1.8683,0,0,0.1412,0,0,0,0.6574,0,0,0,0.4071,0,0,0,0,0,0,0.5963
  Louisiana,1.3447,0,0,0,0,0.8393,0,0,0,1.7463,0.8797,0,0,0.519,0.8105,0,0,0,7.9292,0.7855,0,0,0,0,0,0,0.7431,0,0,0,0.4939,0.7416,0.4413,0,0,0.8725,0.1759,0,0.3903,0,0,0,0.7059,3.9555,0,0,0.7095,0,0,0.8105,0,0,0,0
  Maine,0,0,0,0,2.5347,1.2863,4.6788,0,0,1.2863,0,0,0,1.2894,0,0,0,0,0,34.9948,0,9.8373,0,0,0,1.2863,0,0,0,2.5726,0,0,3.5789,0,0,0,0,0,2.4214,0,0,0,1.496,0,0,0,1.2894,1.1893,0,0,0,0,0,2.4973
  Maryland,0,0,0,0,0.3817,0,0,0.4971,0.6907,0.211,0,0,0,0,0,0,0.5316,0,0,0,3.6848,0.6585,0,0.5218,0,0.6186,0,0,0,0,0.9201,0,0.9306,0.4935,0,0.9922,0,0,1.9348,0,0.3282,0,0,0,0,0,0.9804,0,0,0,0,0,0,1.6823
  Massachusetts,0,0.182,0,0,0.4408,0.2806,1.3359,0,0.2221,0.261,0,0.1653,0.2405,0.287,0.1815,0.0538,0.1293,0,0,0.5219,0.2024,4.948,0.3894,0.2819,0,0,0,0,0,0.92,0.7253,0,1.5652,0.1319,0,0.0538,0,0,0.2772,0.4344,0,0,0.1388,0.2685,0.0569,0.2366,0.165,0.2719,0,0,0,0.0538,0,1.4721
  Michigan,0,0,0,0,0.1264,0,0,0,0,0.083,0,0,0,0.2391,0.2461,0,0,0,0,0,0,0.2007,1.1948,0,0.1511,0,0,0,0,0,0,0,0.1151,0,0,0.7252,0,0.1264,0,0,0,0,0,0,0,0,0,0.4765,0,0,0,0,0,0.7638
  Minnesota,0,0,0,0,0,0,0,0,0.2292,0.1008,0,0,0,1.8657,0,0.3573,1.656,0,0,0,0,0,0.1577,4.0572,0,0,0.2032,0,0.2764,0,0,0,0.1716,0,1.5766,0,0,0,0.2376,0,0,0.495,0.1812,0,0.097,0,0,0,0,3.8287,0,0,0,0.3349
  Mississippi,1.4192,0,0,0,0,0,0,0,0,0.3728,0,0,0,1.0313,0,0,0,0,4.1465,0,0,0,0,0,8.7145,0.6969,0,0,0,0,0,0,0,1.182,0,0,0,0,0,0,1.3939,0,2.4878,0,0,0,0,0,0,0,0,0,0,0.7178
  Missouri,0,0,0,0,0.3259,1.1374,0.3642,0,0,0,0.4237,0,0,2.1182,0.7593,0.5664,3.5421,0,0,0,0.3396,0,0.3731,0.3756,0.4351,7.9139,0,0.2303,0,0,0,0,0.1763,0,0,0.2387,0.8025,0,0,0,0,0,0.8303,0.491,0.2023,0,0.7693,0,0,0.6741,0,0,0,0.3612
  Montana,0,0,0,0,0,0,0,0,0,0,0,0,5.0195,2.4715,0,0,0,0,0,0,0,0,0,3.589,0,0,5.3588,0,1.3966,0,0,0,0,0,4.0549,0,0,0,0,0,0,0.6396,0,0,1.9263,0,0,1.4332,0,0,1.7095,0,0,0
  Nebraska,0,0,0,0.1651,0,0.7354,0,0,0,0,0,0,0,0.7903,0,0.8155,0.6337,0,0,0,0,0,0.2683,1.3889,0,0,0,2.4841,0,0,0,0,0.1504,0,0,0,1.0484,0,0,0,0,0.2735,0,0,0,0,0.1237,0,0,0,0,0,0,2.291
  Nevada,0,2.7854,0,0,9.6409,0,0,0,0,0,0,0,0,0,0,0,0,0,0,0,0,0,0,0,0,0,0,0,9.1529,0,0,0,0,0,0,0,0,0,0,0,0,0,0,2.2743,0.8253,0,0,0,0,0,0,0,0,1.3911
  New Hampshire,NA,NA,NA,NA,NA,NA,NA,NA,NA,NA,NA,NA,NA,NA,NA,NA,NA,NA,NA,NA,NA,NA,NA,NA,NA,NA,NA,NA,NA,NA,NA,NA,NA,NA,NA,NA,NA,NA,NA,NA,NA,NA,NA,NA,NA,NA,NA,NA,NA,NA,NA,NA,NA,NA
  New Jersey,0,0,0,0,0,0,0.1872,0,0,0,0.3835,0,0,0,0,0,0,0,0,0,0.1007,0,0.201,0,0,0.2598,0,0,0,0,1.1837,0.225,0.6056,0,0,0,0,0,0.5894,0,0.1872,0,0,0,0,0,0.0991,0,0,0,0,0,0,0.4886
  New Mexico,0,0,0,0,0,0,0,0,0,0,0,0,0,0,0,0,0,0,0,0,0,0,0,0,0,0,0,0,0,0,0,8.9325,0.352,0,0,0,0,0,0,0,0,0,0,9.0283,0,0,0,0.4709,0,0,0,0,0,0
  New York,0,0.0942,0,0,0.1433,0.0852,0.2321,0,0,0.3218,0,0,0.0778,0.2088,0.0205,0,0,0,0.0585,0.0738,0.3243,0.3254,0.1391,0.1224,0,0.0541,0,0.0455,0,0.1776,0.4674,0,1.7303,0.0833,0,0.1704,0.0485,0,0.3157,0.0502,0,0,0.0091,0.1323,0,0.1449,0.1783,0.0554,0.2423,0,0,0,0.2058,0.5094
  North Carolina,0.3047,0,0,0,0.4487,0.2714,0,0.2035,0,0.4127,0.84,0,0,0.2004,0,0,0.2856,0,0,0.2755,0.3186,0,0,0,0,0.05,0,0,0,0.2286,0.5143,0,0.2355,2.7826,0,0.3369,0,0,0.2704,0,0.5022,0,0.6296,0.5221,0,0,0.8598,0,0,0,0,0,0.2696,0.6808
  North Dakota,0,1.7594,1.1222,0,1.8729,0.8424,0,0,0,0,0,0,0,0,0,0,0,0,0.9436,0,0,0,0,9.3186,0,0,1.8088,0,0,0,0,0,0,0,3.5408,0,0,0,0,0,0,2.3355,0,0,0,0,0,3.2671,0,3.2431,1.6461,0,0,0.8602
  Ohio,0,0,0,0,0.1879,0,0.0434,0,0,0.2257,0,0,0,0.2345,1.1419,0.1809,0.246,0.1106,0,0,0.2837,0,0.2449,0,0,0,0,0,0,0,0,0,0.0852,0,0,1.1548,0.3647,0,0.2879,0,0,0,0.1556,0.0468,0,0,0.2401,0,0.0264,0.0787,0,0,0,0.1391
  Oklahoma,0,0,0,0.4447,0.6787,0.536,0,0,0,0,0,0,0,0,0,0,0,0,0,0,0,0,0,0,0,0.174,0,0,0,0,0,0,0,0,0,0,5.6559,0,0,0,0,0,0,2.2794,0,0,0,0,0,0,0,0,0,3.6035
  Oregon,0,0.5517,0.8187,0,2.488,0.2749,0,0,0,0.1174,0,0.4937,0.4818,0.4539,0,0,0,0,0,0,0,0,0,0.2287,0,0.1434,0.1974,0,0,0,0,0.4152,0.0246,0,0,0,0,2.1805,0,0,0,0,0,0.1873,0,0,0.2903,1.4004,0,0,0,0,0,0.9957
  Pennsylvania,0.053,0,0.1367,0,0.2634,0.1078,0.333,0.0043,0.1056,0.1821,0,0,0,0.042,0,0.1623,0.053,0,0,0,1.1494,0.3742,0.1258,0.1538,0,0.0446,0.0529,0,0,0,1.8545,0,0.6366,0,0.0258,3.0915,0,0,6.0117,0.1078,0,0.0494,0,0.1684,0,0,0.2174,0.1122,0.0979,0,0,0,0,0.7401
  Rhode Island,0,0,0,0,0.5672,0,6.8633,0,0,0,0.5446,0,0,0.5054,0.6689,0,0,0,0,0.9091,0.5257,4.5103,0,0,0,0,0,0,0,2.0364,2.7536,0,4.964,0,0,0.7279,0.568,0,1.4148,13.4516,0,0.1054,0.4818,0,0,0.7625,1.191,0,0,0.326,0,0,0,0.686
  South Carolina,0,0,0,0,0,0,0,0.5164,0,1.2818,2.0768,0,0,1.2053,0,0,0,0,0,0,0.8773,1.0104,0.8,0,0,0,0,0,0,0,1.3673,0,0.614,3.0992,0,0,0,0,0.4058,0,9.19,0,0,0,0,0,2.5108,0,0,0,0,0,0,0
  South Dakota,NA,NA,NA,NA,NA,NA,NA,NA,NA,NA,NA,NA,NA,NA,NA,NA,NA,NA,NA,NA,NA,NA,NA,NA,NA,NA,NA,NA,NA,NA,NA,NA,NA,NA,NA,NA,NA,NA,NA,NA,NA,NA,NA,NA,NA,NA,NA,NA,NA,NA,NA,NA,NA,NA
  Tennessee,0.3832,0,0.1042,0.4008,0.1001,0,0,0,0,0.3377,0.4979,0,0,0.5465,0.347,0,0,0.4061,0.0646,0.1059,0,0.2371,0.2901,0.1635,1.2562,0.5258,0,0,0,0,0.1847,0,0.1341,0.3087,0,0.2254,0.1799,0,0.1753,1.356,0.9768,0,4.9737,0.2116,0,0,0.2725,0.0755,0.2089,0.2817,0,0,0,0.5117
  Texas,0,0,0.0419,0.1217,0.1486,0.0695,0,0,0,0.0996,0.0998,0,0.0723,0.1339,0,0.1132,0.1262,0,0.1548,0,0.0314,0.0383,0,0,0.0508,0.043,0.0118,0.011,0.0501,0,0.0641,0.0127,0.0387,0.1005,0,0,0.1295,0,0.417,0,0,0,0.0733,0.7823,0,0,0.1722,0.0671,0,0.0478,0,0.1317,0.2394,0.5873
  Utah,0,0,0.3306,0,1.6497,0.871,0,0,0,0,0,0,2.2026,0.4218,0.1605,0,0,0,0,0,0,0,0.082,0,0,0.2869,0,0,0.2002,0,0,0.8821,0,0,0,0,0.3842,1.0689,0.7132,0,0,0,0,1.3757,7.7142,0,0,0.7876,0,0.0672,0,0,0,1.3944
  Vermont,0,0,0,0,0,0,5.9738,1.3237,0,0,0,0,0,0,0,0,0,0,0,0,0,8.7884,0,0,0,0,0,0,0,8.7267,5.6694,0,9.2097,0.7496,0,0,0,0,3.0518,0,0,0,0,0,0,14.8083,0,0,0,0,0,0,0,0
  Virginia,0,0,0.1621,1.1119,0,0,0.5093,0,0.4654,0,0,0,0,0.4618,0.4893,0,0,0,0,0.3849,3.1564,1.0568,0.3569,0,0,0,0.0078,0,0,0,0.7759,0.3647,0.8243,2.1273,0,0.5837,0,0,0.0324,0,0,0,0,0,0,0,4.6593,0,0.6112,0,0,0,0,0.4386
  Washington,0.3604,0.235,0.3607,0,1.0279,0.177,0,0,0,0,0.1688,0.3251,1.0997,0,0,0.1804,0,0.1216,0,0.011,0,0,0.1551,0.2541,0,0,0.8046,0,0.1696,0,0,0.0844,0,0,0,0.1688,0,2.3885,0,0,0,0,0,0,0,0,0,4.6553,0.3276,0,0,0,0,1.2847
  West Virginia,0,0,0,0,2.4183,2.406,0,1.8738,0,0,0,0,0,0,0,0,0,0,0,0,0,0,0,0,0,0,0,0,0,0,0,9.1704,0,0,0,6.1941,0,0,0,0,0,0,0,0,0,0,1.6791,5.7534,12.0294,0,0,0,0,1.5476
  Wisconsin,0,0,0,0,0,0,0,0,0,0,0,0,0,0.619,0.064,0.1691,0,0,0,0,0,0,0,1.0579,0,0.1433,0,0,0,0,0,0,0,0,0,0,0,0,0.2211,0,0,0,0,0,0,0.1425,0,0,0,1.6023,0,0,0,0.4004
  Wyoming,0,0,0,0,0,3.1443,0,0,0,0,0,0,0,0,0,0,0,0,0,0,0,0,0,0,0,0,0,4.1134,0,0,0,0,0,0,1.02,1.3113,0,0,0,0,0,2.9844,0,0,0,0,0,0,0,0,9.1299,0,0,0
  Puerto Rico,0,0,0,0,0,0,0,0,0,0,0,0,0,0,0,0,0,0,0,0,1.7671,0,0,0,0,0,0,0,0,0,0,0,0,0,0,0,0,0,0,0,0,0,0,0,0,0,0,0,0,0,0,1.7671,0,0
 ,,,,,,,,,,,,,,,,,,,,,,,,,,,,,,,,,,,,,,,,,,,,,,,,,,,,,,
Distance from first institution 2003-04,,,,,,,,,,,,,,,,,,,,,,,,,,,,,,,,,,,,,,,,,,,,,,,,,,,,,,
  0 < X < 5,0.9382,0.1712,1.799,0.139,1.366,0.39,0.1979,0.0127,0.179,1.5342,0.3589,0.2708,0.7137,0.7035,0.7343,0.5501,0.8807,0.4091,0.4558,0.0177,0.595,0.8396,1.6379,0.1693,0.3806,0.8248,0.4808,0.0632,0.2684,0.1364,1.0469,0.408,0.5782,0.3864,0.1348,1.2704,0.7586,0.3622,2.3201,0.472,0.33,0.0528,0.3611,0.972,1.0702,0,0.6352,0.8995,0.8191,1.4509,0.4712,0.291,0.1141,0.3972
  6 < X < 10,0.6334,0,2.4039,0.025,2.3918,0.6345,0.2353,0.0803,0.0968,2.0829,0.7212,0.0589,0.545,1.8202,0.5908,0.0129,1.3753,1.1378,0.364,0,0.468,0.4931,0.9765,0.3672,0.9029,1.1451,0.0529,0.1818,0.3028,0,1.1499,0.7993,1.5349,0.3329,0.2112,1.1178,1.3048,0.4261,4.0116,0.3934,0.2398,0,2.9943,1.8361,0.6066,0,0.2156,1.0814,0.443,0.9426,0,0.4172,0,1.1545
  11 < X < 20,0.4761,0.0682,0.6095,0.0525,1.4888,0.5021,0.1207,0.0206,0.0408,2.3807,0.4394,0.2868,0.3361,0.8579,0.4515,0.2214,0.6047,0.358,0.2723,0.0014,0.5521,0.5174,0.7878,0.444,0.8492,0.5965,0.0448,0.0957,0.0979,0.2344,0.876,0.7639,1.3037,0.3204,0.0883,1.489,1.062,0.5209,2.3763,0.2978,0.5539,0.0704,0.6046,1.0172,0.8404,0,0.7246,0.9314,1.1771,1.2399,0,0.2338,0.0191,0.2926
  21 < X < 50,0.6308,0.1325,0.6149,0.0979,1.1679,0.4137,0.1389,0.0338,0.0992,1.7829,0.3648,0.2851,0.1479,0.6953,0.4602,0.6767,0.8666,0.8345,0.2797,0.0546,0.4695,0.5882,0.6258,0.1815,1.1112,1.8595,0.2379,0.051,0.0497,0.0984,0.7522,0.1972,0.5844,0.4277,0.0897,0.8471,0.4974,0.1359,3.1979,0.2518,0.3985,0.0045,0.6923,0.8749,0.4397,0.0339,0.4828,0.4684,0.6011,1.1428,0.0557,0.4381,0,0.1938
  51 < X < 100,1.2584,0,0.1151,0.2962,1.3084,0.2877,0.257,0.2353,0,0.9423,0.4689,0.2065,0.5584,0.7633,0.7343,1.0387,0.6119,0.7149,0.3632,0.159,1.0425,0.7697,0.6204,0.3539,0.963,0.8527,0.3777,0.17,0.076,0.288,0.5883,0.2411,0.9178,1.2588,0.1816,0.763,1.0812,0.1476,1.3674,0.2676,0.9384,0.2195,0.4153,1.0956,0.2219,0.1014,1.3636,0.6609,0.3181,1.2721,0.2435,0.8473,0,0.1295
  101 < X < 200,0.9643,0.1879,0.3106,0.3657,1.092,0.2484,0.412,0.2152,0.0767,0.8001,0.4694,0,0.3164,1.1405,0.4759,0.4673,0.7234,0.4361,0.4695,0.3015,0.6888,0.541,0.6156,0.3618,0.4929,0.8925,0.9196,0.3739,0,0.2469,0.5108,0.0832,0.9593,2.055,0.3268,0.7868,0.5689,0.3501,1.9413,0.2023,0.4403,0.1497,0.2937,0.9883,0.1157,0.2049,1.5598,0.8072,0.3382,2.0974,0,0.1987,0,0.3639
  201 < X < 300,0.7434,0.7469,0.5167,0.6463,0.7587,0,0.4208,0.0081,0.1266,2.8977,1.0789,0.2313,0.8366,0.9406,0.5464,0.8648,0.6446,0.5816,1.0944,0.3784,1.0123,0.8292,0.8859,0.8899,0.1088,0.3144,0.4503,0.4743,0.6883,0.4497,1.0379,0.3632,1.243,2.2239,0.7889,0.7562,0.3312,0.9088,0.7681,0.4142,0.3143,0.2598,0.7019,1.6223,0.3728,0.4103,0.8474,1.4268,0,1.1842,0.1655,0.1438,0,0
  301 < X < 400,0,0,0,0.5619,2.3031,0.7984,0.9344,0.1254,0.3996,3.2063,0.9629,0,1.4822,2.9778,0.7549,0.7548,2.202,0.7057,0,0.4267,1.2525,0.9909,0,1.0079,0.4194,0.5483,0.5598,0.2901,0.4918,0.273,1.3039,1.9236,1.5252,1.5248,0.9287,0.6428,0.5765,0.8711,1.5956,5.2118,0.6535,0.2506,1.0294,2.0179,1.4539,0.4446,0.8777,2.3123,0,1.3372,0.8517,0,0,0.8374
  401 < X < 500,2.3491,0,0,0,5.5386,0.907,5.4193,2.3589,0,2.3859,1.2058,0,1.6746,1.9059,0.74,0.9628,0,0,2.1831,0.8259,1.1428,0,1.3534,1.4546,0,5.421,0,1.0653,0.6109,0,1.4272,1.0144,4.442,0.889,3.0901,2.5927,0,0,2.6939,0,0,0,1.7642,3.1055,0,0,5.1666,0,0,0.7224,0,0,0,1.5733
  501 < X < 600,0,0,0,0,4.621,0.4638,2.8619,0,3.5177,0.21,5.4169,0,0,0.8213,0,2.9414,2.1808,0,3.0349,0,3.2158,0,1.8228,0,0,0,3.1248,0,0,0,4.545,0,0,2.9478,0,3.7845,0,0,1.3825,0,0,1.8114,1.7283,6.5361,0,0,0,5.3894,6.7675,3.6379,3.094,0,0,0
  601 < X < 700,0,0,0,0,4.3195,0,4.1093,0,0,4.803,4.8498,0,1.877,3.9744,3.13,0,11.7686,0,0,0,3.0109,0,0,1.9194,2.1012,0,0,0,0,0,0,2.3482,0.8287,0,0,0,0,0,6.0204,0,3.7728,1.5327,1.4829,5.022,0,3.9933,6.0415,0.5349,0,2.6043,0,0,0,2.7044
  701 < X < 800,0,0,0,0,5.7219,1.3204,0,0,0,10.5468,0,0,0,4.5849,1.021,0,3.7153,0,0,0,6.9458,4.5477,5.6143,2.793,0,0,2.1968,1.154,0,0,0,0,5.1645,2.5312,0,4.5009,0,0,3.3737,5.7662,0,0,0,0,0,0,6.7595,1.5598,0,9.2765,0,0,0,0
  801 < X < 900,NA,NA,NA,NA,NA,NA,NA,NA,NA,NA,NA,NA,NA,NA,NA,NA,NA,NA,NA,NA,NA,NA,NA,NA,NA,NA,NA,NA,NA,NA,NA,NA,NA,NA,NA,NA,NA,NA,NA,NA,NA,NA,NA,NA,NA,NA,NA,NA,NA,NA,NA,NA,NA,NA
  901 < X < 1000,NA,NA,NA,NA,NA,NA,NA,NA,NA,NA,NA,NA,NA,NA,NA,NA,NA,NA,NA,NA,NA,NA,NA,NA,NA,NA,NA,NA,NA,NA,NA,NA,NA,NA,NA,NA,NA,NA,NA,NA,NA,NA,NA,NA,NA,NA,NA,NA,NA,NA,NA,NA,NA,NA
  1001 < X < 2000,0.1492,0.3689,0.821,0,1.8697,1.6951,0.7779,0.1878,0.3874,1.8478,0.8551,0.6679,0,1.4538,0.9506,1.3307,0.5801,0.7845,0.5493,0.2798,3.1299,1.0181,1.6176,1.5633,0,0.6487,0.6667,0.7448,0.5991,0.4328,1.0651,1.6374,2.2113,1.1126,0.091,0.5145,0.7537,0.7185,1.8833,0,0,0.1314,1.1934,2.4832,0.5332,0.7482,0.7695,1.5417,0,1.371,0.6488,1.1006,0.44,1.4695
  X > 2001,0,1.3389,0.7432,0.9654,4.4024,0.5963,0.8534,0.0194,0,1.3191,0,1.3424,1.3081,0.8665,0.2202,0.3013,0,0.5028,0,0.3292,0.7193,0.9817,0.8452,0.9107,0,0.3743,0.0109,0,1.2612,0.284,1.7629,0.3715,0.8722,0.6328,0.5582,0.9106,0.4065,0.7003,0.1891,0,0.7642,0.161,0.6113,1.4312,0.5779,0,1.8047,1.1965,0,0.7014,0,1.2655,0.4409,4.0344
 ,,,,,,,,,,,,,,,,,,,,,,,,,,,,,,,,,,,,,,,,,,,,,,,,,,,,,,
,,,,,,,,,,,,,,,,,,,,,,,,,,,,,,,,,,,,,,,,,,,,,,,,,,,,,,
,,,,,,,,,,,,,,,,,,,,,,,,,,,,,,,,,,,,,,,,,,,,,,,,,,,,,,
,,,,,,,,,,,,,,,,,,,,,,,,,,,,,,,,,,,,,,,,,,,,,,,,,,,,,,
,,,,,,,,,,,,,,,,,,,,,,,,,,,,,,,,,,,,,,,,,,,,,,,,,,,,,,
,,,,,,,,,,,,,,,,,,,,,,,,,,,,,,,,,,,,,,,,,,,,,,,,,,,,,,
,,,,,,,,,,,,,,,,,,,,,,,,,,,,,,,,,,,,,,,,,,,,,,,,,,,,,,
,,,,,,,,,,,,,,,,,,,,,,,,,,,,,,,,,,,,,,,,,,,,,,,,,,,,,,
,,,,,,,,,,,,,,,,,,,,,,,,,,,,,,,,,,,,,,,,,,,,,,,,,,,,,,
,,,,,,,,,,,,,,,,,,,,,,,,,,,,,,,,,,,,,,,,,,,,,,,,,,,,,,
,,,,,,,,,,,,,,,,,,,,,,,,,,,,,,,,,,,,,,,,,,,,,,,,,,,,,,
,,,,,,,,,,,,,,,,,,,,,,,,,,,,,,,,,,,,,,,,,,,,,,,,,,,,,,
,,,,,,,,,,,,,,,,,,,,,,,,,,,,,,,,,,,,,,,,,,,,,,,,,,,,,,
,,,,,,,,,,,,,,,,,,,,,,,,,,,,,,,,,,,,,,,,,,,,,,,,,,,,,,
,,,,,,,,,,,,,,,,,,,,,,,,,,,,,,,,,,,,,,,,,,,,,,,,,,,,,,
,,,,,,,,,,,,,,,,,,,,,,,,,,,,,,,,,,,,,,,,,,,,,,,,,,,,,,
,,,,,,,,,,,,,,,,,,,,,,,,,,,,,,,,,,,,,,,,,,,,,,,,,,,,,,
,,,,,,,,,,,,,,,,,,,,,,,,,,,,,,,,,,,,,,,,,,,,,,,,,,,,,,
,,,,,,,,,,,,,,,,,,,,,,,,,,,,,,,,,,,,,,,,,,,,,,,,,,,,,,
,,,,,,,,,,,,,,,,,,,,,,,,,,,,,,,,,,,,,,,,,,,,,,,,,,,,,,
,,,,,,,,,,,,,,,,,,,,,,,,,,,,,,,,,,,,,,,,,,,,,,,,,,,,,,
,,,,,,,,,,,,,,,,,,,,,,,,,,,,,,,,,,,,,,,,,,,,,,,,,,,,,,
,,,,,,,,,,,,,,,,,,,,,,,,,,,,,,,,,,,,,,,,,,,,,,,,,,,,,,
,,,,,,,,,,,,,,,,,,,,,,,,,,,,,,,,,,,,,,,,,,,,,,,,,,,,,,
,,,,,,,,,,,,,,,,,,,,,,,,,,,,,,,,,,,,,,,,,,,,,,,,,,,,,,
,,,,,,,,,,,,,,,,,,,,,,,,,,,,,,,,,,,,,,,,,,,,,,,,,,,,,,
,,,,,,,,,,,,,,,,,,,,,,,,,,,,,,,,,,,,,,,,,,,,,,,,,,,,,,
,,,,,,,,,,,,,,,,,,,,,,,,,,,,,,,,,,,,,,,,,,,,,,,,,,,,,,
,,,,,,,,,,,,,,,,,,,,,,,,,,,,,,,,,,,,,,,,,,,,,,,,,,,,,,
,,,,,,,,,,,,,,,,,,,,,,,,,,,,,,,,,,,,,,,,,,,,,,,,,,,,,,
,,,,,,,,,,,,,,,,,,,,,,,,,,,,,,,,,,,,,,,,,,,,,,,,,,,,,,
,,,,,,,,,,,,,,,,,,,,,,,,,,,,,,,,,,,,,,,,,,,,,,,,,,,,,,
,,,,,,,,,,,,,,,,,,,,,,,,,,,,,,,,,,,,,,,,,,,,,,,,,,,,,,
,,,,,,,,,,,,,,,,,,,,,,,,,,,,,,,,,,,,,,,,,,,,,,,,,,,,,,
,,,,,,,,,,,,,,,,,,,,,,,,,,,,,,,,,,,,,,,,,,,,,,,,,,,,,,
,,,,,,,,,,,,,,,,,,,,,,,,,,,,,,,,,,,,,,,,,,,,,,,,,,,,,,
,,,,,,,,,,,,,,,,,,,,,,,,,,,,,,,,,,,,,,,,,,,,,,,,,,,,,,
,,,,,,,,,,,,,,,,,,,,,,,,,,,,,,,,,,,,,,,,,,,,,,,,,,,,,,
,,,,,,,,,,,,,,,,,,,,,,,,,,,,,,,,,,,,,,,,,,,,,,,,,,,,,,
,,,,,,,,,,,,,,,,,,,,,,,,,,,,,,,,,,,,,,,,,,,,,,,,,,,,,,
,,,,,,,,,,,,,,,,,,,,,,,,,,,,,,,,,,,,,,,,,,,,,,,,,,,,,,
,,,,,,,,,,,,,,,,,,,,,,,,,,,,,,,,,,,,,,,,,,,,,,,,,,,,,,
,,,,,,,,,,,,,,,,,,,,,,,,,,,,,,,,,,,,,,,,,,,,,,,,,,,,,,
,,,,,,,,,,,,,,,,,,,,,,,,,,,,,,,,,,,,,,,,,,,,,,,,,,,,,,
,,,,,,,,,,,,,,,,,,,,,,,,,,,,,,,,,,,,,,,,,,,,,,,,,,,,,,
,,,,,,,,,,,,,,,,,,,,,,,,,,,,,,,,,,,,,,,,,,,,,,,,,,,,,,
,,,,,,,,,,,,,,,,,,,,,,,,,,,,,,,,,,,,,,,,,,,,,,,,,,,,,,
,,,,,,,,,,,,,,,,,,,,,,,,,,,,,,,,,,,,,,,,,,,,,,,,,,,,,,
,,,,,,,,,,,,,,,,,,,,,,,,,,,,,,,,,,,,,,,,,,,,,,,,,,,,,,
,,,,,,,,,,,,,,,,,,,,,,,,,,,,,,,,,,,,,,,,,,,,,,,,,,,,,,
,,,,,,,,,,,,,,,,,,,,,,,,,,,,,,,,,,,,,,,,,,,,,,,,,,,,,,
,,,,,,,,,,,,,,,,,,,,,,,,,,,,,,,,,,,,,,,,,,,,,,,,,,,,,,
,,,,,,,,,,,,,,,,,,,,,,,,,,,,,,,,,,,,,,,,,,,,,,,,,,,,,,
,,,,,,,,,,,,,,,,,,,,,,,,,,,,,,,,,,,,,,,,,,,,,,,,,,,,,,
,,,,,,,,,,,,,,,,,,,,,,,,,,,,,,,,,,,,,,,,,,,,,,,,,,,,,,
,,,,,,,,,,,,,,,,,,,,,,,,,,,,,,,,,,,,,,,,,,,,,,,,,,,,,,
,,,,,,,,,,,,,,,,,,,,,,,,,,,,,,,,,,,,,,,,,,,,,,,,,,,,,,
,,,,,,,,,,,,,,,,,,,,,,,,,,,,,,,,,,,,,,,,,,,,,,,,,,,,,,
,,,,,,,,,,,,,,,,,,,,,,,,,,,,,,,,,,,,,,,,,,,,,,,,,,,,,,
,,,,,,,,,,,,,,,,,,,,,,,,,,,,,,,,,,,,,,,,,,,,,,,,,,,,,,
,,,,,,,,,,,,,,,,,,,,,,,,,,,,,,,,,,,,,,,,,,,,,,,,,,,,,,
,,,,,,,,,,,,,,,,,,,,,,,,,,,,,,,,,,,,,,,,,,,,,,,,,,,,,,
,,,,,,,,,,,,,,,,,,,,,,,,,,,,,,,,,,,,,,,,,,,,,,,,,,,,,,
,,,,,,,,,,,,,,,,,,,,,,,,,,,,,,,,,,,,,,,,,,,,,,,,,,,,,,
,,,,,,,,,,,,,,,,,,,,,,,,,,,,,,,,,,,,,,,,,,,,,,,,,,,,,,
,,,,,,,,,,,,,,,,,,,,,,,,,,,,,,,,,,,,,,,,,,,,,,,,,,,,,,
,,,,,,,,,,,,,,,,,,,,,,,,,,,,,,,,,,,,,,,,,,,,,,,,,,,,,,
,,,,,,,,,,,,,,,,,,,,,,,,,,,,,,,,,,,,,,,,,,,,,,,,,,,,,,
,,,,,,,,,,,,,,,,,,,,,,,,,,,,,,,,,,,,,,,,,,,,,,,,,,,,,,
,,,,,,,,,,,,,,,,,,,,,,,,,,,,,,,,,,,,,,,,,,,,,,,,,,,,,,
,,,,,,,,,,,,,,,,,,,,,,,,,,,,,,,,,,,,,,,,,,,,,,,,,,,,,,
,,,,,,,,,,,,,,,,,,,,,,,,,,,,,,,,,,,,,,,,,,,,,,,,,,,,,,
,,,,,,,,,,,,,,,,,,,,,,,,,,,,,,,,,,,,,,,,,,,,,,,,,,,,,,
,,,,,,,,,,,,,,,,,,,,,,,,,,,,,,,,,,,,,,,,,,,,,,,,,,,,,,
,,,,,,,,,,,,,,,,,,,,,,,,,,,,,,,,,,,,,,,,,,,,,,,,,,,,,,
,,,,,,,,,,,,,,,,,,,,,,,,,,,,,,,,,,,,,,,,,,,,,,,,,,,,,,
,,,,,,,,,,,,,,,,,,,,,,,,,,,,,,,,,,,,,,,,,,,,,,,,,,,,,,
 ,,,,,,,,,,,,,,,,,,,,,,,,,,,,,,,,,,,,,,,,,,,,,,,,,,,,,,
 ,,,,,,,,,,,,,,,,,,,,,,,,,,,,,,,,,,,,,,,,,,,,,,,,,,,,,,
 ,,,,,,,,,,,,,,,,,,,,,,,,,,,,,,,,,,,,,,,,,,,,,,,,,,,,,,
